Date,FIPS,MMWR_week,Recip_County,Recip_State,Series_Complete_Pop_Pct,Series_Complete_Yes,Series_Complete_12Plus,Series_Complete_12PlusPop_Pct,Series_Complete_18Plus,Series_Complete_18PlusPop_Pct,Series_Complete_65Plus,Series_Complete_65PlusPop_Pct,Completeness_pct,Administered_Dose1_Recip,Administered_Dose1_Pop_Pct,Administered_Dose1_Recip_12Plus,Administered_Dose1_Recip_12PlusPop_Pct,Administered_Dose1_Recip_18Plus,Administered_Dose1_Recip_18PlusPop_Pct,Administered_Dose1_Recip_65Plus,Administered_Dose1_Recip_65PlusPop_Pct,SVI_CTGY,Series_Complete_Pop_Pct_SVI,Series_Complete_12PlusPop_Pct_SVI,Series_Complete_18PlusPop_Pct_SVI,Series_Complete_65PlusPop_Pct_SVI,Metro_status,Series_Complete_Pop_Pct_UR_Equity,Series_Complete_12PlusPop_Pct_UR_Equity,Series_Complete_18PlusPop_Pct_UR_Equity,Series_Complete_65PlusPop_Pct_UR_Equity
12/01/2021,26099,48,Macomb County,MI,53.3,466096,466088,61.6,442087,63.9,127365,83.6,97.5,487983,55.8,487875,64.5,464899,67.2,132729,87.2,B,8,8,8,8,Metro,4,4,4,4
11/30/2021,26099,48,Macomb County,MI,53.3,465835,465827,61.5,441851,63.8,127333,83.6,97.6,487740,55.8,487636,64.4,464666,67.1,132693,87.1,B,8,8,8,8,Metro,4,4,4,4
11/29/2021,26099,48,Macomb County,MI,53.2,465047,465041,61.4,441165,63.7,127246,83.6,97.6,486939,55.7,486838,64.3,463898,67,132583,87.1,B,8,8,8,8,Metro,4,4,4,4
11/28/2021,26099,48,Macomb County,MI,53.2,464743,464737,61.4,440898,63.7,127210,83.5,97.7,486510,55.7,486419,64.3,463486,67,132496,87,B,8,8,8,8,Metro,4,4,4,4
11/27/2021,26099,47,Macomb County,MI,53.2,464743,464737,61.4,440898,63.7,127210,83.5,97.7,486510,55.7,486419,64.3,463486,67,132496,87,B,8,8,8,8,Metro,4,4,4,4
11/26/2021,26099,47,Macomb County,MI,53.2,464743,464737,61.4,440898,63.7,127210,83.5,97.7,486510,55.7,486419,64.3,463486,67,132496,87,B,8,8,8,8,Metro,4,4,4,4
11/25/2021,26099,47,Macomb County,MI,53.2,464743,464737,61.4,440898,63.7,127210,83.5,97.7,486510,55.7,486419,64.3,463486,67,132496,87,B,8,8,8,8,Metro,4,4,4,4
11/24/2021,26099,47,Macomb County,MI,53.2,464743,464737,61.4,440898,63.7,127210,83.5,97.7,486510,55.7,486419,64.3,463486,67,132496,87,B,8,8,8,8,Metro,4,4,4,4
11/23/2021,26099,47,Macomb County,MI,53.1,464484,464478,61.4,440670,63.7,127175,83.5,97.7,486194,55.6,486108,64.2,463180,66.9,132439,87,B,8,8,8,8,Metro,4,4,4,4
11/22/2021,26099,47,Macomb County,MI,53.1,464295,464289,61.3,440502,63.6,127152,83.5,97.7,485946,55.6,485862,64.2,462939,66.9,132401,87,B,8,8,8,8,Metro,4,4,4,4
11/21/2021,26099,47,Macomb County,MI,53.1,464053,464048,61.3,440280,63.6,127120,83.5,97.7,485706,55.6,485623,64.2,462704,66.8,132361,86.9,B,8,8,8,8,Metro,4,4,4,4
11/20/2021,26099,46,Macomb County,MI,53.1,463767,463762,61.3,440018,63.6,127082,83.5,97.7,485386,55.5,485305,64.1,462398,66.8,132293,86.9,B,8,8,8,8,Metro,4,4,4,4
11/19/2021,26099,46,Macomb County,MI,53,463515,463510,61.2,439776,63.5,127050,83.4,97.7,485094,55.5,485017,64.1,462113,66.8,132231,86.8,B,8,8,8,8,Metro,4,4,4,4
11/18/2021,26099,46,Macomb County,MI,53,463230,463225,61.2,439521,63.5,127021,83.4,97.7,484775,55.5,484701,64.0,461806,66.7,132170,86.8,B,8,8,8,8,Metro,4,4,4,4
11/17/2021,26099,46,Macomb County,MI,53,462937,462932,61.2,439264,63.5,126980,83.4,97.7,484463,55.4,484392,64.0,461505,66.7,132105,86.8,B,8,8,8,8,Metro,4,4,4,4
11/16/2021,26099,46,Macomb County,MI,52.9,462654,462649,61.1,439006,63.4,126945,83.4,97.7,484182,55.4,484125,64.0,461248,66.6,132059,86.7,B,8,8,8,8,Metro,4,4,4,4
11/15/2021,26099,46,Macomb County,MI,52.9,462490,462485,61.1,438866,63.4,126936,83.4,97.7,484028,55.4,483973,63.9,461098,66.6,132042,86.7,B,8,8,8,8,Metro,4,4,4,4
11/14/2021,26099,46,Macomb County,MI,52.9,462190,462185,61.1,438608,63.4,126916,83.4,97.7,483784,55.4,483736,63.9,460865,66.6,132008,86.7,B,8,8,8,8,Metro,4,4,4,4
11/13/2021,26099,45,Macomb County,MI,52.8,461813,461808,61,438253,63.3,126842,83.3,97.7,483521,55.3,483479,63.9,460613,66.5,131956,86.7,B,8,8,8,8,Metro,4,4,4,4
11/12/2021,26099,45,Macomb County,MI,52.8,461205,461200,60.9,437688,63.2,126749,83.2,97.8,482983,55.3,482947,63.8,460097,66.5,131856,86.6,B,8,8,8,8,Metro,4,4,4,4
11/11/2021,26099,45,Macomb County,MI,52.8,461195,461190,60.9,437679,63.2,126750,83.2,97.8,482966,55.3,482931,63.8,460082,66.5,131854,86.6,B,8,8,8,8,Metro,4,4,4,4
11/10/2021,26099,45,Macomb County,MI,52.7,460805,460800,60.9,437305,63.2,126715,83.2,97.8,482640,55.2,482608,63.8,459768,66.4,131804,86.6,B,8,8,8,8,Metro,4,4,4,4
11/09/2021,26099,45,Macomb County,MI,52.7,460537,460532,60.8,437061,63.1,126678,83.2,97.8,482426,55.2,482396,63.7,459559,66.4,131764,86.5,B,8,8,8,8,Metro,4,4,4,4
11/08/2021,26099,45,Macomb County,MI,52.7,460331,460326,60.8,436873,63.1,126672,83.2,97.8,482303,55.2,482274,63.7,459440,66.4,131746,86.5,B,8,8,8,8,Metro,4,4,4,4
11/07/2021,26099,45,Macomb County,MI,52.6,459846,459841,60.7,436436,63.1,126637,83.2,97.8,481998,55.2,481976,63.7,459149,66.3,131693,86.5,B,8,8,8,8,Metro,4,4,4,4
11/06/2021,26099,44,Macomb County,MI,52.6,459435,459430,60.7,436053,63,126596,83.1,97.8,481645,55.1,481624,63.6,458804,66.3,131625,86.4,B,8,8,8,8,Metro,4,4,4,4
11/05/2021,26099,44,Macomb County,MI,52.5,459199,459194,60.7,435833,63,126557,83.1,97.8,481445,55.1,481424,63.6,458610,66.3,131573,86.4,B,8,8,8,8,Metro,4,4,4,4
11/04/2021,26099,44,Macomb County,MI,52.5,458906,458901,60.6,435577,62.9,126518,83.1,97.8,481229,55.1,481208,63.6,458403,66.2,131523,86.4,B,8,8,8,8,Metro,4,4,4,4
11/03/2021,26099,44,Macomb County,MI,52.5,458608,458603,60.6,435305,62.9,126478,83.1,97.8,481008,55,480987,63.5,458190,66.2,131481,86.3,B,8,8,8,8,Metro,4,4,4,4
11/02/2021,26099,44,Macomb County,MI,52.4,458312,458307,60.5,435046,62.9,126435,83,97.8,480794,55,480773,63.5,457985,66.2,131423,86.3,B,8,8,8,8,Metro,4,4,4,4
11/01/2021,26099,44,Macomb County,MI,52.4,458116,458111,60.5,434880,62.8,126418,83,97.8,480658,55,480637,63.5,457854,66.1,131397,86.3,B,8,8,8,8,Metro,4,4,4,4
10/31/2021,26099,44,Macomb County,MI,52.4,457771,457766,60.5,434572,62.8,126387,83,97.8,480273,55,480252,63.4,457474,66.1,131345,86.3,B,8,8,8,8,Metro,4,4,4,4
10/30/2021,26099,43,Macomb County,MI,52.3,457401,457396,60.4,434233,62.7,126347,83,97.8,479987,54.9,479966,63.4,457197,66.1,131288,86.2,B,8,8,8,8,Metro,4,4,4,4
10/29/2021,26099,43,Macomb County,MI,52.3,457062,457057,60.4,433923,62.7,126299,82.9,97.9,479732,54.9,479711,63.4,456949,66,131228,86.2,B,8,8,8,8,Metro,4,4,4,4
10/28/2021,26099,43,Macomb County,MI,52.3,456709,456704,60.3,433602,62.6,126246,82.9,97.9,479483,54.9,479462,63.3,456703,66,131144,86.1,B,8,8,8,8,Metro,4,4,4,4
10/27/2021,26099,43,Macomb County,MI,52.2,456304,456299,60.3,433232,62.6,126192,82.9,97.9,479159,54.8,479138,63.3,456388,65.9,131048,86.1,B,8,8,8,8,Metro,4,4,4,4
10/26/2021,26099,43,Macomb County,MI,52.2,456034,456029,60.2,432984,62.6,126159,82.9,97.9,478900,54.8,478880,63.3,456136,65.9,130981,86,B,8,8,8,8,Metro,4,4,4,4
10/25/2021,26099,43,Macomb County,MI,52.2,455834,455829,60.2,432812,62.5,126133,82.8,97.9,478766,54.8,478746,63.2,456009,65.9,130953,86,B,8,8,8,8,Metro,4,4,4,4
10/24/2021,26099,43,Macomb County,MI,52.1,455295,455290,60.1,432343,62.5,126085,82.8,97.9,478412,54.7,478392,63.2,455665,65.8,130899,86,B,8,8,8,8,Metro,4,4,4,4
10/23/2021,26099,42,Macomb County,MI,52,454359,454354,60,431527,62.3,126011,82.8,97.9,477854,54.7,477834,63.1,455121,65.8,130837,85.9,B,8,8,8,8,Metro,4,4,4,4
10/22/2021,26099,42,Macomb County,MI,51.9,453727,453722,59.9,430973,62.3,125957,82.7,97.9,477526,54.6,477506,63.1,454804,65.7,130789,85.9,B,8,8,8,8,Metro,4,4,4,4
10/21/2021,26099,42,Macomb County,MI,51.9,453271,453266,59.9,430547,62.2,125891,82.7,97.9,477042,54.6,477022,63.0,454341,65.6,130712,85.8,B,8,8,8,8,Metro,4,4,4,4
10/20/2021,26099,42,Macomb County,MI,51.9,453168,453163,59.9,430452,62.2,125872,82.7,97.9,476956,54.6,476936,63.0,454258,65.6,130700,85.8,B,8,8,8,8,Metro,4,4,4,4
10/19/2021,26099,42,Macomb County,MI,51.8,453011,453006,59.8,430306,62.2,125859,82.7,97.9,476840,54.6,476820,63.0,454152,65.6,130673,85.8,B,8,8,8,8,Metro,4,4,4,4
10/18/2021,26099,42,Macomb County,MI,51.8,452988,452983,59.8,430284,62.2,125858,82.7,97.9,476807,54.6,476787,63.0,454120,65.6,130670,85.8,B,8,8,8,8,Metro,4,4,4,4
10/17/2021,26099,42,Macomb County,MI,51.8,452957,452952,59.8,430255,62.2,125858,82.7,97.9,476770,54.6,476750,63.0,454083,65.6,130665,85.8,B,8,8,8,8,Metro,4,4,4,4
10/16/2021,26099,41,Macomb County,MI,51.8,452497,452492,59.8,429846,62.1,125810,82.6,98,476461,54.5,476441,62.9,453780,65.6,130613,85.8,B,8,8,8,8,Metro,4,4,4,4
10/15/2021,26099,41,Macomb County,MI,51.7,452147,452142,59.7,429545,62.1,125778,82.6,98,476245,54.5,476225,62.9,453570,65.5,130579,85.8,B,8,8,8,8,Metro,4,4,4,4
10/14/2021,26099,41,Macomb County,MI,51.7,451644,451639,59.7,429094,62,125740,82.6,98,475966,54.5,475946,62.9,453308,65.5,130525,85.7,B,8,8,8,8,Metro,4,4,4,4
10/13/2021,26099,41,Macomb County,MI,51.6,451044,451039,59.6,428539,61.9,125688,82.5,98,475493,54.4,475473,62.8,452845,65.4,130482,85.7,B,8,8,8,8,Metro,4,4,4,4
10/12/2021,26099,41,Macomb County,MI,51.6,450700,450695,59.5,428227,61.9,125651,82.5,98,475301,54.4,475281,62.8,452664,65.4,130455,85.7,B,8,8,8,8,Metro,4,4,4,4
10/11/2021,26099,41,Macomb County,MI,51.5,450531,450526,59.5,428088,61.8,125640,82.5,98,475176,54.4,475156,62.8,452548,65.4,130440,85.7,B,8,8,8,8,Metro,4,4,4,4
10/10/2021,26099,41,Macomb County,MI,51.5,450156,450151,59.5,427759,61.8,125622,82.5,98,474957,54.3,474937,62.7,452342,65.4,130424,85.7,B,8,8,8,8,Metro,4,4,4,4
10/09/2021,26099,40,Macomb County,MI,51.5,449724,449719,59.4,427374,61.7,125568,82.5,98,474719,54.3,474699,62.7,452106,65.3,130391,85.6,B,8,8,8,8,Metro,4,4,4,4
10/08/2021,26099,40,Macomb County,MI,51.2,447783,447778,59.2,425612,61.5,125371,82.3,98.1,473708,54.2,473688,62.6,451197,65.2,130228,85.5,B,8,8,8,8,Metro,4,4,4,4
10/07/2021,26099,40,Macomb County,MI,50,437107,437102,57.7,415406,60,122942,80.7,94.2,440035,50.3,440015,58.1,427627,61.8,126443,83,B,8,8,8,8,Metro,4,4,4,4
10/06/2021,26099,40,Macomb County,MI,50,437104,437099,57.7,415403,60,122942,80.7,94.2,440021,50.3,440001,58.1,427613,61.8,126442,83,B,8,8,8,8,Metro,4,4,4,4
10/05/2021,26099,40,Macomb County,MI,50,436720,436715,57.7,415078,60,122901,80.7,94.2,439808,50.3,439788,58.1,427405,61.7,126401,83,B,8,8,8,8,Metro,4,4,4,4
10/04/2021,26099,40,Macomb County,MI,49.9,436430,436425,57.7,414830,59.9,122882,80.7,94.2,439671,50.3,439651,58.1,427273,61.7,126379,83,B,7,8,8,8,Metro,3,4,4,4
10/03/2021,26099,40,Macomb County,MI,49.9,435756,435751,57.6,414230,59.8,122838,80.7,94.2,439241,50.3,439221,58.0,426863,61.7,126305,82.9,B,7,8,8,8,Metro,3,4,4,4
10/02/2021,26099,39,Macomb County,MI,49.8,435133,435128,57.5,413678,59.8,122762,80.6,94.2,438876,50.2,438856,58.0,426512,61.6,126216,82.9,B,7,8,8,8,Metro,3,4,4,4
10/01/2021,26099,39,Macomb County,MI,49.7,433951,433946,57.3,412588,59.6,122663,80.6,94.3,437745,50.1,437725,57.8,425485,61.5,126136,82.8,B,7,8,8,8,Metro,3,4,4,4
09/30/2021,26099,39,Macomb County,MI,49.6,433673,433668,57.3,412331,59.6,122638,80.5,94.4,437476,50.1,437456,57.8,425232,61.4,126095,82.8,B,7,8,8,8,Metro,3,4,4,4
09/29/2021,26099,39,Macomb County,MI,49.6,433386,433381,57.3,412064,59.5,122599,80.5,94.4,437258,50,437238,57.8,425022,61.4,126049,82.8,B,7,8,8,8,Metro,3,4,4,4
09/28/2021,26099,39,Macomb County,MI,49.5,433039,433034,57.2,411752,59.5,122566,80.5,94.4,437004,50,436985,57.7,424777,61.4,126010,82.8,B,7,8,8,8,Metro,3,4,4,4
09/27/2021,26099,39,Macomb County,MI,49.5,432759,432754,57.2,411527,59.5,122543,80.5,94.4,436826,50,436807,57.7,424611,61.3,125985,82.7,B,7,8,8,8,Metro,3,4,4,4
09/26/2021,26099,39,Macomb County,MI,49.5,432350,432345,57.1,411196,59.4,122519,80.5,94.4,436569,50,436550,57.7,424367,61.3,125958,82.7,B,7,8,8,8,Metro,3,4,4,4
09/25/2021,26099,38,Macomb County,MI,49.4,431785,431780,57,410710,59.3,122467,80.4,94.4,436221,49.9,436202,57.6,424033,61.3,125921,82.7,B,7,8,8,8,Metro,3,4,4,4
09/24/2021,26099,38,Macomb County,MI,49.3,431282,431277,57,410260,59.3,122417,80.4,94.4,435905,49.9,435886,57.6,423726,61.2,125891,82.7,B,7,8,8,8,Metro,3,4,4,4
09/23/2021,26099,38,Macomb County,MI,49.3,430754,430749,56.9,409807,59.2,122374,80.4,94.4,435574,49.8,435555,57.5,423409,61.2,125856,82.7,B,7,8,8,8,Metro,3,4,4,4
09/22/2021,26099,38,Macomb County,MI,49.2,430208,430203,56.8,409355,59.1,122333,80.3,94.4,435246,49.8,435227,57.5,423098,61.1,125834,82.6,B,7,8,8,8,Metro,3,4,4,4
09/21/2021,26099,38,Macomb County,MI,49.2,429712,429707,56.8,408909,59.1,122281,80.3,94.4,434945,49.8,434926,57.5,422820,61.1,125801,82.6,B,7,8,8,8,Metro,3,4,4,4
09/20/2021,26099,38,Macomb County,MI,49.2,429710,429705,56.8,408907,59.1,122281,80.3,94.4,434939,49.8,434920,57.5,422816,61.1,125801,82.6,B,7,8,8,8,Metro,3,4,4,4
09/19/2021,26099,38,Macomb County,MI,49.1,429262,429257,56.7,408522,59,122214,80.3,94.4,434488,49.7,434469,57.4,422377,61,125657,82.5,B,7,8,8,8,Metro,3,4,4,4
09/18/2021,26099,37,Macomb County,MI,49,427986,427981,56.5,407445,58.9,122113,80.2,94.4,433692,49.6,433673,57.3,421632,60.9,125600,82.5,B,7,8,8,8,Metro,3,4,4,4
09/17/2021,26099,37,Macomb County,MI,49,427975,427970,56.5,407434,58.9,122113,80.2,94.4,433676,49.6,433657,57.3,421616,60.9,125598,82.5,B,7,8,8,8,Metro,3,4,4,4
09/16/2021,26099,37,Macomb County,MI,48.8,426701,426696,56.4,406295,58.7,121999,80.1,94.5,432417,49.5,432398,57.1,420406,60.7,125506,82.4,B,7,8,8,8,Metro,3,4,4,4
09/15/2021,26099,37,Macomb County,MI,48.7,425655,425650,56.2,405360,58.6,121900,80.1,94.5,431546,49.4,431527,57.0,419549,60.6,125433,82.4,B,7,8,8,8,Metro,3,4,4,4
09/14/2021,26099,37,Macomb County,MI,48.6,425080,425075,56.2,404859,58.5,121848,80,94.5,431162,49.3,431143,57.0,419173,60.6,125384,82.3,B,7,8,8,8,Metro,3,4,4,4
09/13/2021,26099,37,Macomb County,MI,48.6,424577,424572,56.1,404446,58.4,121807,80,94.5,430817,49.3,430798,56.9,418851,60.5,125349,82.3,B,7,8,8,8,Metro,3,4,4,4
09/12/2021,26099,37,Macomb County,MI,48.5,423861,423856,56,403873,58.3,121762,80,94.5,430318,49.2,430299,56.8,418364,60.4,125321,82.3,B,7,8,8,8,Metro,3,4,4,4
09/11/2021,26099,36,Macomb County,MI,48.5,423831,423826,56,403843,58.3,121762,80,94.5,430257,49.2,430238,56.8,418303,60.4,125321,82.3,B,7,8,8,8,Metro,3,4,4,4
09/10/2021,26099,36,Macomb County,MI,48.4,423243,423238,55.9,403336,58.3,121701,79.9,94.5,429910,49.2,429891,56.8,417982,60.4,125279,82.3,B,7,8,8,8,Metro,3,4,4,4
09/09/2021,26099,36,Macomb County,MI,48.4,422734,422729,55.8,402904,58.2,121649,79.9,94.5,429603,49.2,429584,56.8,417692,60.3,125248,82.3,B,7,8,8,8,Metro,3,4,4,4
09/08/2021,26099,36,Macomb County,MI,48.3,421826,421821,55.7,402186,58.1,121574,79.8,94.5,429235,49.1,429216,56.7,417335,60.3,125205,82.2,B,7,8,8,8,Metro,3,4,4,4
09/07/2021,26099,36,Macomb County,MI,48.2,421468,421463,55.7,401884,58.1,121539,79.8,94.5,429036,49.1,429017,56.7,417144,60.3,125179,82.2,B,7,8,8,8,Metro,3,4,4,4
09/06/2021,26099,36,Macomb County,MI,48.2,420971,420966,55.6,401495,58,121503,79.8,94.5,428769,49.1,428750,56.6,416903,60.2,125162,82.2,B,7,8,8,8,Metro,3,4,4,4
09/05/2021,26099,36,Macomb County,MI,48.1,420712,420707,55.6,401296,58,121485,79.8,94.5,428636,49,428617,56.6,416774,60.2,125150,82.2,B,7,8,8,8,Metro,3,4,4,4
09/04/2021,26099,35,Macomb County,MI,48.1,420709,420704,55.6,401293,58,121485,79.8,94.5,428623,49,428604,56.6,416761,60.2,125149,82.2,B,7,8,8,8,Metro,3,4,4,4
09/03/2021,26099,35,Macomb County,MI,48,419426,419421,55.4,400299,57.8,121358,79.7,94.5,427871,49,427852,56.5,416054,60.1,125077,82.1,B,7,8,8,8,Metro,3,4,4,4
09/02/2021,26099,35,Macomb County,MI,48,419419,419414,55.4,400292,57.8,121357,79.7,94.5,427858,49,427839,56.5,416044,60.1,125075,82.1,B,7,8,8,8,Metro,3,4,4,4
09/01/2021,26099,35,Macomb County,MI,47.9,418788,418783,55.3,399777,57.8,121289,79.7,94.5,427475,48.9,427456,56.5,415678,60.1,125014,82.1,B,7,8,8,8,Metro,3,4,4,4
08/31/2021,26099,35,Macomb County,MI,47.8,418150,418145,55.2,399216,57.7,121242,79.6,94.5,427066,48.9,427047,56.4,415295,60,124982,82.1,B,7,8,8,8,Metro,3,4,4,4
08/30/2021,26099,35,Macomb County,MI,47.8,417501,417496,55.2,398678,57.6,121166,79.6,94.5,426581,48.8,426562,56.4,414851,59.9,124917,82,B,7,8,8,8,Metro,3,4,4,4
08/29/2021,26099,35,Macomb County,MI,47.7,416618,416613,55,397951,57.5,121114,79.5,94.5,426091,48.8,426072,56.3,414385,59.9,124880,82,B,7,8,8,8,Metro,3,4,4,4
08/28/2021,26099,34,Macomb County,MI,47.6,415708,415703,54.9,397196,57.4,121026,79.5,94.5,425576,48.7,425557,56.2,413893,59.8,124827,82,B,7,8,8,8,Metro,3,4,4,4
08/27/2021,26099,34,Macomb County,MI,47.6,415707,415702,54.9,397195,57.4,121026,79.5,94.5,425563,48.7,425544,56.2,413880,59.8,124826,82,B,7,8,8,8,Metro,3,4,4,4
08/26/2021,26099,34,Macomb County,MI,47.5,415118,415113,54.8,396692,57.3,120963,79.4,94.5,425178,48.6,425159,56.2,413527,59.7,124786,82,B,7,8,8,8,Metro,3,4,4,4
08/25/2021,26099,34,Macomb County,MI,47.4,414251,414246,54.7,395980,57.2,120869,79.4,94.5,424711,48.6,424692,56.1,413090,59.7,124725,81.9,B,7,8,8,8,Metro,3,4,4,4
08/24/2021,26099,34,Macomb County,MI,47.3,413611,413606,54.6,395455,57.1,120798,79.3,94.6,424306,48.5,424287,56.1,412707,59.6,124672,81.9,B,7,8,8,8,Metro,3,4,4,4
08/23/2021,26099,34,Macomb County,MI,47.3,412956,412951,54.6,394939,57.1,120758,79.3,94.6,424018,48.5,423999,56.0,412440,59.6,124648,81.9,B,7,8,8,8,Metro,3,4,4,4
08/22/2021,26099,34,Macomb County,MI,47.2,412615,412610,54.5,394666,57,120739,79.3,94.6,423823,48.5,423804,56.0,412266,59.6,124633,81.9,B,7,8,8,8,Metro,3,4,4,4
08/21/2021,26099,33,Macomb County,MI,47.1,411552,411547,54.4,393771,56.9,120645,79.2,94.6,423081,48.4,423062,55.9,411560,59.5,124573,81.8,B,7,8,8,8,Metro,3,4,4,4
08/20/2021,26099,33,Macomb County,MI,47.1,411545,411540,54.4,393765,56.9,120644,79.2,94.6,423067,48.4,423048,55.9,411546,59.5,124570,81.8,B,7,8,8,8,Metro,3,4,4,4
08/19/2021,26099,33,Macomb County,MI,47,410943,410938,54.3,393268,56.8,120573,79.2,94.6,422697,48.4,422678,55.8,411206,59.4,124518,81.8,B,7,8,8,8,Metro,3,4,4,4
08/18/2021,26099,33,Macomb County,MI,47,410415,410410,54.2,392825,56.8,120520,79.1,94.6,422380,48.3,422361,55.8,410913,59.4,124473,81.7,B,7,8,8,8,Metro,3,4,4,4
08/17/2021,26099,33,Macomb County,MI,46.9,409927,409922,54.2,392431,56.7,120472,79.1,94.6,422028,48.3,422009,55.7,410583,59.3,124438,81.7,B,7,8,8,8,Metro,3,4,4,4
08/16/2021,26099,33,Macomb County,MI,46.8,409381,409376,54.1,391986,56.6,120414,79.1,94.6,421659,48.2,421640,55.7,410249,59.3,124392,81.7,B,7,8,8,8,Metro,3,4,4,4
08/15/2021,26099,33,Macomb County,MI,46.8,408743,408738,54,391465,56.6,120356,79,94.6,421121,48.2,421102,55.6,409786,59.2,124358,81.7,B,7,8,8,8,Metro,3,4,4,4
08/14/2021,26099,32,Macomb County,MI,46.8,408736,408731,54,391460,56.6,120356,79,94.6,421104,48.2,421085,55.6,409769,59.2,124358,81.7,B,7,8,8,8,Metro,3,4,4,4
08/13/2021,26099,32,Macomb County,MI,46.7,408219,408214,53.9,391029,56.5,120306,79,94.6,420675,48.1,420656,55.6,409384,59.1,124313,81.6,B,7,8,8,8,Metro,3,4,4,4
08/12/2021,26099,32,Macomb County,MI,46.7,407727,407722,53.9,390640,56.4,120247,79,94.6,420194,48.1,420175,55.5,408942,59.1,124263,81.6,B,7,8,8,8,Metro,3,4,4,4
08/11/2021,26099,32,Macomb County,MI,46.6,407224,407219,53.8,390228,56.4,120182,78.9,94.6,419730,48,419711,55.4,408494,59,124204,81.6,B,7,8,8,8,Metro,3,4,4,4
08/10/2021,26099,32,Macomb County,MI,46.6,406881,406876,53.8,389939,56.3,120139,78.9,94.6,419349,48,419330,55.4,408145,59,124166,81.5,B,7,8,8,8,Metro,3,4,4,4
08/09/2021,26099,32,Macomb County,MI,46.5,406448,406444,53.7,389582,56.3,120090,78.9,94.6,418973,47.9,418955,55.3,407796,58.9,124129,81.5,B,7,8,8,8,Metro,3,4,4,4
08/08/2021,26099,32,Macomb County,MI,46.4,405906,405902,53.6,389131,56.2,120057,78.8,94.6,418365,47.9,418347,55.3,407231,58.8,124089,81.5,B,7,8,8,8,Metro,3,4,4,4
08/07/2021,26099,31,Macomb County,MI,46.4,405903,405899,53.6,389128,56.2,120057,78.8,94.6,418354,47.9,418336,55.3,407220,58.8,124089,81.5,B,7,8,8,8,Metro,3,4,4,4
08/06/2021,26099,31,Macomb County,MI,46.4,405436,405432,53.6,388740,56.2,120010,78.8,94.7,417811,47.8,417793,55.2,406738,58.8,124047,81.5,B,7,8,8,8,Metro,3,4,4,4
08/05/2021,26099,31,Macomb County,MI,46.3,405076,405072,53.5,388427,56.1,119958,78.8,94.7,417374,47.8,417356,55.1,406326,58.7,123990,81.4,B,7,8,8,8,Metro,3,4,4,4
08/04/2021,26099,31,Macomb County,MI,46.3,404584,404580,53.4,388024,56.1,119886,78.7,94.7,416759,47.7,416741,55.1,405768,58.6,123912,81.4,B,7,8,8,8,Metro,3,4,4,4
08/03/2021,26099,31,Macomb County,MI,46.3,404222,404218,53.4,387709,56,119853,78.7,94.7,416280,47.6,416262,55.0,405329,58.6,123869,81.3,B,7,8,8,8,Metro,3,4,4,4
08/02/2021,26099,31,Macomb County,MI,46.2,403824,403820,53.3,387384,56,119811,78.7,94.7,415822,47.6,415804,54.9,404904,58.5,123819,81.3,B,7,8,8,8,Metro,3,4,4,4
08/01/2021,26099,31,Macomb County,MI,46.1,403303,403299,53.3,386948,55.9,119762,78.7,94.7,415142,47.5,415124,54.8,404259,58.4,123771,81.3,B,7,8,8,8,Metro,3,4,4,4
07/31/2021,26099,30,Macomb County,MI,46.1,403300,403296,53.3,386945,55.9,119762,78.7,94.7,415130,47.5,415112,54.8,404249,58.4,123771,81.3,B,7,8,8,8,Metro,3,4,4,4
07/30/2021,26099,30,Macomb County,MI,46.1,402714,402710,53.2,386466,55.8,119688,78.6,94.7,414528,47.4,414510,54.8,403688,58.3,123688,81.2,B,7,8,8,8,Metro,3,4,4,4
07/29/2021,26099,30,Macomb County,MI,46,402333,402329,53.1,386141,55.8,119640,78.6,94.7,414091,47.4,414073,54.7,403283,58.3,123640,81.2,B,7,8,8,8,Metro,3,4,4,4
07/28/2021,26099,30,Macomb County,MI,46,401824,401820,53.1,385702,55.7,119601,78.5,94.7,413668,47.3,413650,54.6,402904,58.2,123595,81.2,B,7,8,8,8,Metro,3,4,4,4
07/27/2021,26099,30,Macomb County,MI,45.9,401447,401443,53,385382,55.7,119553,78.5,94.7,413277,47.3,413259,54.6,402555,58.2,123557,81.1,B,7,8,8,8,Metro,3,4,4,4
07/26/2021,26099,30,Macomb County,MI,45.9,401171,401167,53,385156,55.6,119520,78.5,94.7,412937,47.2,412919,54.5,402238,58.1,123511,81.1,B,7,8,8,8,Metro,3,4,4,4
07/25/2021,26099,30,Macomb County,MI,45.9,401010,401006,53,385011,55.6,119515,78.5,94.7,412707,47.2,412689,54.5,402023,58.1,123491,81.1,B,7,8,8,8,Metro,3,4,4,4
07/24/2021,26099,29,Macomb County,MI,45.8,400242,400238,52.9,384369,55.5,119437,78.4,94.7,412086,47.2,412069,54.4,401443,58,123414,81.1,B,7,8,8,8,Metro,3,4,4,4
07/23/2021,26099,29,Macomb County,MI,45.8,400233,400229,52.9,384361,55.5,119436,78.4,94.7,412073,47.1,412056,54.4,401432,58,123413,81,B,7,8,8,8,Metro,3,4,4,4
07/22/2021,26099,29,Macomb County,MI,45.7,399418,399414,52.8,383702,55.4,119339,78.4,94.8,411398,47.1,411381,54.3,400795,57.9,123339,81,B,7,8,8,8,Metro,3,4,4,4
07/21/2021,26099,29,Macomb County,MI,45.7,398969,398965,52.7,383332,55.4,119287,78.3,94.8,411039,47,411022,54.3,400456,57.9,123276,81,B,7,8,8,8,Metro,3,4,4,4
07/20/2021,26099,29,Macomb County,MI,45.6,398965,398961,52.7,383328,55.4,119285,78.3,94.8,411027,47,411010,54.3,400445,57.9,123274,81,B,7,8,8,8,Metro,3,4,4,4
07/19/2021,26099,29,Macomb County,MI,45.6,398508,398504,52.6,382985,55.3,119231,78.3,94.8,410711,47,410694,54.3,400146,57.8,123221,80.9,B,7,8,8,8,Metro,3,4,4,4
07/18/2021,26099,29,Macomb County,MI,45.5,397306,397302,52.5,381982,55.2,119078,78.2,94.8,409802,46.9,409785,54.1,399288,57.7,123121,80.9,B,7,8,8,8,Metro,3,4,4,4
07/17/2021,26099,28,Macomb County,MI,45.5,397305,397301,52.5,381981,55.2,119078,78.2,94.8,409800,46.9,409783,54.1,399287,57.7,123121,80.9,B,7,8,8,8,Metro,3,4,4,4
07/16/2021,26099,28,Macomb County,MI,45.4,396365,396361,52.4,381238,55.1,118957,78.1,94.8,409244,46.8,409227,54.1,398762,57.6,123048,80.8,B,7,8,8,8,Metro,3,4,4,4
07/15/2021,26099,28,Macomb County,MI,45.4,396360,396356,52.4,381233,55.1,118956,78.1,94.8,409238,46.8,409221,54.1,398756,57.6,123047,80.8,B,7,8,8,8,Metro,3,4,4,4
07/14/2021,26099,28,Macomb County,MI,45.4,396348,396344,52.4,381222,55.1,118955,78.1,94.8,409230,46.8,409213,54.1,398748,57.6,123047,80.8,B,7,8,8,8,Metro,3,4,4,4
07/13/2021,26099,28,Macomb County,MI,45.3,395955,395951,52.3,380888,55,118916,78.1,94.8,409008,46.8,408991,54.0,398543,57.6,123021,80.8,B,7,8,8,8,Metro,3,4,4,4
07/12/2021,26099,28,Macomb County,MI,45.3,395507,395503,52.2,380530,55,118878,78.1,94.8,408741,46.8,408724,54.0,398293,57.5,122990,80.8,B,7,8,8,8,Metro,3,4,4,4
07/11/2021,26099,28,Macomb County,MI,45.2,394682,394678,52.1,379861,54.9,118809,78,94.8,408286,46.7,408269,53.9,397844,57.5,122953,80.7,B,7,8,8,8,Metro,3,4,4,4
07/10/2021,26099,27,Macomb County,MI,45.1,394027,394024,52.1,379324,54.8,118721,78,94.9,407940,46.7,407923,53.9,397514,57.4,122896,80.7,B,7,8,8,8,Metro,3,4,4,4
07/09/2021,26099,27,Macomb County,MI,45.1,394019,394016,52.1,379318,54.8,118721,78,94.9,407935,46.7,407918,53.9,397509,57.4,122896,80.7,B,7,8,8,8,Metro,3,4,4,4
07/08/2021,26099,27,Macomb County,MI,45,393274,393271,52,378696,54.7,118642,77.9,94.9,407530,46.6,407513,53.8,397119,57.4,122836,80.7,B,7,8,8,8,Metro,3,4,4,4
07/07/2021,26099,27,Macomb County,MI,44.8,391171,391168,51.7,376917,54.5,118402,77.8,94.9,406468,46.5,406451,53.7,396084,57.2,122729,80.6,B,7,8,8,8,Metro,3,4,4,4
07/06/2021,26099,27,Macomb County,MI,44.6,390078,390075,51.5,376034,54.3,118279,77.7,94.9,405895,46.4,405878,53.6,395543,57.1,122670,80.6,B,7,8,8,8,Metro,3,4,4,4
07/05/2021,26099,27,Macomb County,MI,44.6,389936,389933,51.5,375906,54.3,118269,77.7,94.9,405844,46.4,405827,53.6,395497,57.1,122664,80.6,B,7,8,8,8,Metro,3,4,4,4
07/04/2021,26099,27,Macomb County,MI,44.6,389936,389933,51.5,375906,54.3,118269,77.7,94.9,405840,46.4,405823,53.6,395493,57.1,122664,80.6,B,7,8,8,8,Metro,3,4,4,4
07/03/2021,26099,26,Macomb County,MI,44.6,389933,389930,51.5,375903,54.3,118269,77.7,94.9,405837,46.4,405820,53.6,395490,57.1,122664,80.6,B,7,8,8,8,Metro,3,4,4,4
07/02/2021,26099,26,Macomb County,MI,44.6,389380,389377,51.4,375448,54.2,118193,77.6,94.9,405464,46.4,405447,53.6,395153,57.1,122600,80.5,B,7,8,8,8,Metro,3,4,4,4
07/01/2021,26099,26,Macomb County,MI,44.6,389372,389369,51.4,375440,54.2,118192,77.6,94.9,405457,46.4,405440,53.6,395148,57.1,122600,80.5,B,7,8,8,8,Metro,3,4,4,4
06/30/2021,26099,26,Macomb County,MI,44.5,388611,388608,51.3,374806,54.1,118095,77.6,94.9,405120,46.4,405103,53.5,394830,57,122556,80.5,B,7,8,8,8,Metro,3,4,4,4
06/29/2021,26099,26,Macomb County,MI,44.3,387399,387396,51.2,373797,54,117961,77.5,94.9,404466,46.3,404449,53.4,394213,57,122474,80.4,B,7,8,8,8,Metro,3,4,4,4
06/28/2021,26099,26,Macomb County,MI,44.3,387393,387390,51.2,373791,54,117961,77.5,94.9,404461,46.3,404444,53.4,394208,57,122474,80.4,B,7,8,8,8,Metro,3,4,4,4
06/27/2021,26099,26,Macomb County,MI,44,384410,384408,50.8,371289,53.6,117659,77.3,94.9,402516,46.1,402500,53.2,392350,56.7,122239,80.3,B,7,8,8,8,Metro,3,4,4,4
06/26/2021,26099,25,Macomb County,MI,44,384401,384399,50.8,371280,53.6,117657,77.3,94.9,402499,46.1,402483,53.2,392335,56.7,122238,80.3,B,7,8,8,8,Metro,3,4,4,4
06/25/2021,26099,25,Macomb County,MI,44,384396,384394,50.8,371275,53.6,117656,77.3,94.9,402495,46.1,402479,53.2,392331,56.7,122238,80.3,B,7,8,8,8,Metro,3,4,4,4
06/24/2021,26099,25,Macomb County,MI,43.9,383508,383506,50.7,370509,53.5,117542,77.2,95,402099,46,402083,53.1,391958,56.6,122178,80.2,B,7,8,8,8,Metro,3,4,4,4
06/23/2021,26099,25,Macomb County,MI,43.7,381903,381901,50.5,369200,53.3,117348,77.1,95,401338,45.9,401322,53.0,391240,56.5,122059,80.2,B,7,8,8,8,Metro,3,4,4,4
06/22/2021,26099,25,Macomb County,MI,43.7,381893,381891,50.4,369190,53.3,117346,77.1,95,401333,45.9,401317,53.0,391235,56.5,122059,80.2,B,7,8,8,8,Metro,3,4,4,4
06/21/2021,26099,25,Macomb County,MI,43.6,381313,381311,50.4,368718,53.3,117276,77,95,401038,45.9,401022,53.0,390960,56.5,122010,80.1,B,7,8,8,8,Metro,3,4,4,4
06/20/2021,26099,25,Macomb County,MI,43.3,378474,378472,50,366555,53,117033,76.9,95,400016,45.8,400000,52.8,389992,56.3,121900,80.1,B,7,8,8,8,Metro,3,4,4,4
06/19/2021,26099,24,Macomb County,MI,43.3,378465,378463,50,366546,53,117033,76.9,95,400005,45.8,399989,52.8,389983,56.3,121900,80.1,B,7,8,8,8,Metro,3,4,4,4
06/18/2021,26099,24,Macomb County,MI,43.3,378434,378432,50,366517,53,117033,76.9,95,399988,45.8,399972,52.8,389968,56.3,121900,80.1,B,7,8,8,8,Metro,3,4,4,4
06/17/2021,26099,24,Macomb County,MI,42.9,375283,375281,49.6,364029,52.6,116705,76.6,95,398968,45.6,398952,52.7,389012,56.2,121737,79.9,B,7,7,8,8,Metro,3,3,4,4
06/16/2021,26099,24,Macomb County,MI,42.7,373613,373611,49.4,362660,52.4,116547,76.5,95,398355,45.6,398339,52.6,388445,56.1,121644,79.9,B,7,7,8,8,Metro,3,3,4,4
06/15/2021,26099,24,Macomb County,MI,42.4,370534,370532,48.9,360090,52,116257,76.4,95,397146,45.4,397130,52.5,387285,56,121508,79.8,B,7,7,8,8,Metro,3,3,4,4
06/14/2021,26099,24,Macomb County,MI,42.4,370526,370524,48.9,360084,52,116257,76.4,95,397143,45.4,397127,52.5,387282,56,121507,79.8,B,7,7,8,8,Metro,3,3,4,4
06/13/2021,26099,24,Macomb County,MI,42.3,369659,369657,48.8,359407,51.9,116201,76.3,95,396704,45.4,396688,52.4,386853,55.9,121475,79.8,B,7,7,8,8,Metro,3,3,4,4
06/12/2021,26099,23,Macomb County,MI,42.1,368292,368290,48.7,358533,51.8,116130,76.3,95,396316,45.3,396300,52.4,386487,55.8,121441,79.8,B,7,7,8,8,Metro,3,3,4,4
06/11/2021,26099,23,Macomb County,MI,41.9,365776,365774,48.3,356627,51.5,115894,76.1,95.1,395227,45.2,395211,52.2,385463,55.7,121338,79.7,B,7,7,8,8,Metro,3,3,4,4
06/10/2021,26099,23,Macomb County,MI,41.3,361203,361201,47.7,353077,51,115429,75.8,95.1,393797,45.1,393781,52.0,384107,55.5,121160,79.6,B,7,7,8,8,Metro,3,3,4,4
06/09/2021,26099,23,Macomb County,MI,41.1,359371,359370,47.5,351688,50.8,115255,75.7,95.1,393066,45,393050,51.9,383417,55.4,121065,79.5,B,7,7,8,8,Metro,3,3,4,4
06/08/2021,26099,23,Macomb County,MI,41.1,359361,359360,47.5,351679,50.8,115255,75.7,95.1,393058,45,393042,51.9,383410,55.4,121064,79.5,B,7,7,8,8,Metro,3,3,4,4
06/07/2021,26099,23,Macomb County,MI,40.9,357631,357630,47.2,350464,50.6,115068,75.6,95.1,392528,44.9,392512,51.9,382907,55.3,120967,79.4,B,7,7,8,8,Metro,3,3,4,4
06/06/2021,26099,23,Macomb County,MI,40.6,354919,354919,46.9,348611,50.4,114868,75.4,95.1,391549,44.8,391533,51.7,382106,55.2,120891,79.4,B,7,7,8,8,Metro,3,3,4,4
06/05/2021,26099,22,Macomb County,MI,40.3,352527,352527,46.6,347033,50.1,114679,75.3,95.1,390708,44.7,390693,51.6,381383,55.1,120796,79.3,B,7,7,8,8,Metro,3,3,4,4
06/04/2021,26099,22,Macomb County,MI,40.3,352520,352520,46.6,347027,50.1,114679,75.3,95.1,390699,44.7,390684,51.6,381377,55.1,120796,79.3,B,7,7,8,8,Metro,3,3,4,4
06/03/2021,26099,22,Macomb County,MI,39.9,348729,348729,46.1,343679,49.7,114196,75,95.2,389097,44.5,389083,51.4,379968,54.9,120603,79.2,B,6,7,7,8,Metro,2,3,3,4
06/02/2021,26099,22,Macomb County,MI,39.9,348720,348720,46.1,343670,49.7,114196,75,95.2,389084,44.5,389070,51.4,379955,54.9,120603,79.2,B,6,7,7,8,Metro,2,3,3,4
06/01/2021,26099,22,Macomb County,MI,39.8,347873,347873,46,342837,49.5,114090,74.9,95.2,388728,44.5,388714,51.4,379620,54.8,120538,79.2,B,6,7,7,8,Metro,2,3,3,4
05/31/2021,26099,22,Macomb County,MI,39.6,346103,346103,45.7,341124,49.3,113863,74.8,95.2,387550,44.3,387536,51.2,378482,54.7,120425,79.1,B,6,7,7,8,Metro,2,3,3,4
05/30/2021,26099,22,Macomb County,MI,39.6,346100,346100,45.7,341121,49.3,113863,74.8,95.2,387542,44.3,387528,51.2,378475,54.7,120425,79.1,B,6,7,7,8,Metro,2,3,3,4
05/29/2021,26099,21,Macomb County,MI,39.6,346096,346096,45.7,341117,49.3,113862,74.8,95.2,387538,44.3,387524,51.2,378471,54.7,120425,79.1,B,6,7,7,8,Metro,2,3,3,4
05/28/2021,26099,21,Macomb County,MI,39.4,344202,344202,45.5,339320,49,113615,74.6,95.2,386383,44.2,386369,51.0,377512,54.5,120320,79,B,6,7,7,8,Metro,2,3,3,4
05/27/2021,26099,21,Macomb County,MI,39.2,342237,342237,45.2,337399,48.7,113328,74.4,95.2,385284,44.1,385270,50.9,376509,54.4,120172,78.9,B,6,7,7,8,Metro,2,3,3,4
05/26/2021,26099,21,Macomb County,MI,38.5,336187,336187,44.4,331540,47.9,112418,73.8,95.3,382118,43.7,382104,50.5,373742,54,119762,78.7,B,6,7,7,8,Metro,2,3,3,4
05/25/2021,26099,21,Macomb County,MI,38.5,336175,336175,44.4,331529,47.9,112418,73.8,95.3,382102,43.7,382088,50.5,373727,54,119762,78.7,B,6,7,7,8,Metro,2,3,3,4
05/24/2021,26099,21,Macomb County,MI,38.5,336167,336167,44.4,331521,47.9,112416,73.8,95.3,382092,43.7,382078,50.5,373719,54,119762,78.7,B,6,7,7,8,Metro,2,3,3,4
05/23/2021,26099,21,Macomb County,MI,38.4,335523,335523,44.3,330901,47.8,112353,73.8,95.3,381591,43.7,381577,50.4,373263,53.9,119726,78.6,B,6,7,7,8,Metro,2,3,3,4
05/22/2021,26099,20,Macomb County,MI,37.8,330193,330193,43.6,325789,47.1,111699,73.4,95.3,378617,43.3,378605,50.0,370933,53.6,119446,78.4,B,6,7,7,8,Metro,2,3,3,4
05/21/2021,26099,20,Macomb County,MI,37.8,330177,330177,43.6,325773,47.1,111698,73.4,95.3,378603,43.3,378591,50.0,370920,53.6,119444,78.4,B,6,7,7,8,Metro,2,3,3,4
05/20/2021,26099,20,Macomb County,MI,37,323288,323288,42.7,319090,46.1,110623,72.7,95.4,375021,42.9,375009,49.5,367727,53.1,119062,78.2,B,6,7,7,8,Metro,2,3,3,4
05/19/2021,26099,20,Macomb County,MI,36.7,321087,321087,42.4,316963,45.8,110298,72.4,95.4,373376,42.7,373364,49.3,366343,52.9,118903,78.1,B,6,7,7,8,Metro,2,3,3,4
05/18/2021,26099,20,Macomb County,MI,36.5,319319,319319,42.2,315264,45.5,110062,72.3,95.4,372288,42.6,372278,49.2,365553,52.8,118797,78,B,6,7,7,8,Metro,2,3,3,4
05/17/2021,26099,20,Macomb County,MI,36.5,319306,319306,42.2,315251,45.5,110061,72.3,95.5,372279,42.6,372269,49.2,365545,52.8,118795,78,B,6,7,7,8,Metro,2,3,3,4
05/16/2021,26099,20,Macomb County,MI,36.1,315611,315611,41.7,311778,45,109659,72,95.5,369883,42.3,369875,48.9,363659,52.5,118477,77.8,B,6,7,7,8,Metro,2,3,3,4
05/15/2021,26099,19,Macomb County,MI,35.7,312316,312316,41.3,308619,44.6,109259,71.8,95.5,367948,42.1,367940,48.6,362226,52.3,118309,77.7,B,6,7,7,8,Metro,2,3,3,4
05/14/2021,26099,19,Macomb County,MI,35.3,308537,308537,40.8,304965,44.1,108688,71.4,95.5,366323,41.9,366315,48.4,360995,52.2,118107,77.6,B,6,7,7,8,Metro,2,3,3,4
05/13/2021,26099,19,Macomb County,MI,35.3,308521,308521,40.8,304949,44.1,108686,71.4,95.5,366312,41.9,366304,48.4,360985,52.2,118106,77.6,B,6,7,7,8,Metro,2,3,3,4
05/12/2021,26099,19,Macomb County,MI,34.9,304601,304601,40.2,301175,43.5,108142,71,95.5,365234,41.8,365226,48.2,360081,52,117960,77.5,B,6,7,7,8,Metro,2,3,3,4
05/11/2021,26099,19,Macomb County,MI,34.4,300867,300867,39.7,297580,43,107680,70.7,95.6,364189,41.7,364181,48.1,359051,51.9,117802,77.4,B,6,6,7,8,Metro,2,2,3,4
05/10/2021,26099,19,Macomb County,MI,34,296998,296998,39.2,293916,42.5,107220,70.4,95.6,363155,41.6,363148,48.0,358030,51.7,117658,77.3,B,6,6,7,8,Metro,2,2,3,4
05/09/2021,26099,19,Macomb County,MI,33.7,294257,294257,38.9,291247,42.1,106908,70.2,95.6,360913,41.3,360906,47.7,355804,51.4,117395,77.1,B,6,6,7,8,Metro,2,2,3,4
05/08/2021,26099,18,Macomb County,MI,32.3,282699,282699,37.3,280183,40.5,105636,69.4,95.6,357501,40.9,357494,47.2,352454,50.9,116915,76.8,B,6,6,7,7,Metro,2,2,3,3
05/07/2021,26099,18,Macomb County,MI,31.6,276221,276221,36.5,274026,39.6,104778,68.8,95.6,355868,40.7,355861,47.0,350853,50.7,116673,76.6,B,6,6,6,7,Metro,2,2,2,3
05/06/2021,26099,18,Macomb County,MI,31,270578,270578,35.7,268564,38.8,104085,68.4,95.6,353797,40.5,353790,46.7,348815,50.4,116395,76.4,B,6,6,6,7,Metro,2,2,2,3
05/05/2021,26099,18,Macomb County,MI,31,270572,270572,35.7,268558,38.8,104085,68.4,95.6,353790,40.5,353783,46.7,348808,50.4,116395,76.4,B,6,6,6,7,Metro,2,2,2,3
05/04/2021,26099,18,Macomb County,MI,30.4,265591,265591,35.1,263860,38.1,103548,68,95.7,351546,40.2,351539,46.4,346604,50.1,116085,76.2,B,6,6,6,7,Metro,2,2,2,3
05/03/2021,26099,18,Macomb County,MI,30,262275,262275,34.6,260676,37.7,103167,67.8,95.7,350225,40.1,350218,46.3,345303,49.9,115897,76.1,B,6,6,6,7,Metro,2,2,2,3
05/02/2021,26099,18,Macomb County,MI,29.6,258286,258286,34.1,256886,37.1,102802,67.5,95.7,348899,39.9,348892,46.1,344023,49.7,115697,76,B,5,6,6,7,Metro,1,2,2,3
05/01/2021,26099,17,Macomb County,MI,29.1,254690,254690,33.6,253436,36.6,102474,67.3,95.7,346363,39.6,346356,45.8,341620,49.4,115400,75.8,B,5,6,6,7,Metro,1,2,2,3
04/30/2021,26099,17,Macomb County,MI,28.5,248721,248721,32.9,247683,35.8,101908,66.9,95.7,343179,39.3,343172,45.3,338535,48.9,114967,75.5,B,5,6,6,7,Metro,1,2,2,3
04/29/2021,26099,17,Macomb County,MI,28.5,248708,248708,32.9,247670,35.8,101907,66.9,95.7,343173,39.3,343166,45.3,338529,48.9,114966,75.5,B,5,6,6,7,Metro,1,2,2,3
04/28/2021,26099,17,Macomb County,MI,27.9,244092,244092,32.2,243239,35.1,101377,66.6,95.7,341086,39,341079,45.1,336489,48.6,114640,75.3,B,5,6,6,7,Metro,1,2,2,3
04/27/2021,26099,17,Macomb County,MI,27.4,239885,239885,31.7,239182,34.6,100904,66.3,95.7,339030,38.8,339023,44.8,334492,48.3,114316,75.1,B,5,6,6,7,Metro,1,2,2,3
04/26/2021,26099,17,Macomb County,MI,27,236162,236162,31.2,235552,34,100435,66,95.7,336875,38.5,336868,44.5,332402,48,114004,74.9,B,5,6,6,7,Metro,1,2,2,3
04/25/2021,26099,17,Macomb County,MI,26.5,231468,231468,30.6,230971,33.4,99878,65.6,95.7,332214,38,332207,43.9,328016,47.4,113530,74.6,B,5,6,6,7,Metro,1,2,2,3
04/24/2021,26099,16,Macomb County,MI,25.9,226731,226731,30,226290,32.7,99208,65.2,95.7,328856,37.6,328849,43.4,324794,46.9,113148,74.3,B,5,6,6,7,Metro,1,2,2,3
04/23/2021,26099,16,Macomb County,MI,25.4,221662,221662,29.3,221281,32,98438,64.6,95.7,323947,37.1,323940,42.8,320027,46.2,112395,73.8,B,5,5,6,7,Metro,1,1,2,3
04/22/2021,26099,16,Macomb County,MI,24.6,214735,214735,28.4,214426,31,97365,63.9,95.7,319335,36.5,319328,42.2,315593,45.6,111728,73.4,B,5,5,6,7,Metro,1,1,2,3
04/21/2021,26099,16,Macomb County,MI,24.6,214680,214680,28.4,214371,31,97351,63.9,95.7,319318,36.5,319311,42.2,315576,45.6,111721,73.4,B,5,5,6,7,Metro,1,1,2,3
04/20/2021,26099,16,Macomb County,MI,23.6,206632,206632,27.3,206399,29.8,96204,63.2,95.7,310696,35.5,310689,41.0,307317,44.4,110644,72.7,B,5,5,5,7,Metro,1,1,1,3
04/19/2021,26099,16,Macomb County,MI,23.6,206625,206625,27.3,206392,29.8,96203,63.2,95.7,310677,35.5,310670,41.0,307298,44.4,110643,72.7,B,5,5,5,7,Metro,1,1,1,3
04/18/2021,26099,16,Macomb County,MI,23.3,203302,203302,26.9,203098,29.3,95676,62.8,95.7,306789,35.1,306782,40.5,303637,43.9,110265,72.4,B,5,5,5,7,Metro,1,1,1,3
04/17/2021,26099,15,Macomb County,MI,23.3,203268,203268,26.9,203064,29.3,95658,62.8,95.7,306773,35.1,306766,40.5,303621,43.9,110263,72.4,B,5,5,5,7,Metro,1,1,1,3
04/16/2021,26099,15,Macomb County,MI,22.7,198660,198660,26.2,198481,28.7,94963,62.4,95.7,300348,34.4,300341,39.7,297442,43,109517,71.9,B,5,5,5,7,Metro,1,1,1,3
04/15/2021,26099,15,Macomb County,MI,21.7,190036,190036,25.1,189895,27.4,93444,61.4,95.6,287143,32.9,287137,37.9,284803,41.1,107842,70.8,B,5,5,5,7,Metro,1,1,1,3
04/14/2021,26099,15,Macomb County,MI,21.3,185805,185805,24.5,185687,26.8,92541,60.8,95.7,280935,32.1,280929,37.1,278915,40.3,107035,70.3,B,5,5,5,7,Metro,1,1,1,3
04/13/2021,26099,15,Macomb County,MI,21.3,185763,185763,24.5,185645,26.8,92525,60.8,95.7,280847,32.1,280842,37.1,278829,40.3,107008,70.3,B,5,5,5,7,Metro,1,1,1,3
04/12/2021,26099,15,Macomb County,MI,20.9,182722,182722,24.1,182612,26.4,92015,60.4,95.7,276524,31.6,276520,36.5,274669,39.7,106535,70,B,5,5,5,7,Metro,1,1,1,3
04/11/2021,26099,15,Macomb County,MI,20.8,181531,181531,24,181423,26.2,91711,60.2,95.7,274794,31.4,274790,36.3,273002,39.4,106406,69.9,B,5,5,5,7,Metro,1,1,1,3
04/10/2021,26099,14,Macomb County,MI,19.7,171740,171740,22.7,171648,24.8,89144,58.5,95.6,261667,29.9,261663,34.6,260253,37.6,104729,68.8,B,5,5,5,7,Metro,1,1,1,3
04/09/2021,26099,14,Macomb County,MI,19.1,166647,166647,22,166561,24.1,87843,57.7,95.6,253044,29,253040,33.4,251915,36.4,103707,68.1,B,5,5,5,7,Metro,1,1,1,3
04/08/2021,26099,14,Macomb County,MI,19.1,166589,166589,22,166503,24.1,87825,57.7,95.7,253005,28.9,253001,33.4,251876,36.4,103703,68.1,B,5,5,5,7,Metro,1,1,1,3
04/07/2021,26099,14,Macomb County,MI,18.1,158119,158119,20.9,158045,22.8,85376,56.1,95.6,240697,27.5,240693,31.8,239951,34.7,102176,67.1,B,5,5,5,7,Metro,1,1,1,3
04/06/2021,26099,14,Macomb County,MI,18.1,158084,158084,20.9,158010,22.8,85365,56.1,95.7,240669,27.5,240665,31.8,239923,34.7,102174,67.1,B,5,5,5,7,Metro,1,1,1,3
04/05/2021,26099,14,Macomb County,MI,17.7,154829,154829,20.5,154759,22.4,84594,55.6,95.7,237130,27.1,237126,31.3,236478,34.2,101830,66.9,B,5,5,5,7,Metro,1,1,1,3
04/04/2021,26099,14,Macomb County,MI,17.2,149976,149976,19.8,149911,21.7,82885,54.4,95.6,232139,26.6,232135,30.7,231589,33.5,101153,66.4,B,5,5,5,7,Metro,1,1,1,3
04/03/2021,26099,13,Macomb County,MI,16.7,146176,146176,19.3,146114,21.1,81459,53.5,95.6,227856,26.1,227852,30.1,227355,32.8,100590,66.1,B,5,5,5,7,Metro,1,1,1,3
04/02/2021,26099,13,Macomb County,MI,16.1,140825,140825,18.6,140767,20.3,79364,52.1,95.6,222201,25.4,222197,29.4,221757,32,99782,65.5,B,5,5,5,7,Metro,1,1,1,3
04/01/2021,26099,13,Macomb County,MI,16.1,140770,140770,18.6,140712,20.3,79325,52.1,95.6,222135,25.4,222131,29.3,221691,32,99758,65.5,B,5,5,5,7,Metro,1,1,1,3
03/31/2021,26099,13,Macomb County,MI,15.3,134104,134104,17.7,134046,19.4,76360,50.1,95.5,211733,24.2,211729,28.0,211418,30.5,98188,64.5,B,5,5,5,7,Metro,1,1,1,3
03/30/2021,26099,13,Macomb County,MI,15.3,134027,134027,17.7,133969,19.4,76320,50.1,95.5,211653,24.2,211649,28.0,211338,30.5,98167,64.5,B,5,5,5,7,Metro,1,1,1,3
03/29/2021,26099,13,Macomb County,MI,15,130691,130691,17.3,130636,18.9,74983,49.2,95.4,208704,23.9,208700,27.6,208418,30.1,97738,64.2,B,5,5,5,6,Metro,1,1,1,2
03/28/2021,26099,13,Macomb County,MI,14.5,126408,126408,16.7,126354,18.3,72670,47.7,95.4,202930,23.2,202926,26.8,202708,29.3,97012,63.7,B,5,5,5,6,Metro,1,1,1,2
03/27/2021,26099,12,Macomb County,MI,13.8,120327,120327,15.9,120277,17.4,68609,45.1,95.3,198205,22.7,198201,26.2,198004,28.6,96148,63.1,B,5,5,5,6,Metro,1,1,1,2
03/26/2021,26099,12,Macomb County,MI,13.8,120277,120277,15.9,120227,17.4,68576,45,95.3,198144,22.7,198140,26.2,197943,28.6,96128,63.1,B,5,5,5,6,Metro,1,1,1,2
03/25/2021,26099,12,Macomb County,MI,13.2,115474,115474,15.3,115425,16.7,65344,42.9,95.2,192915,22.1,192911,25.5,192740,27.8,95243,62.5,B,5,5,5,6,Metro,1,1,1,2
03/24/2021,26099,12,Macomb County,MI,12.9,112478,112478,14.9,112430,16.2,63740,41.9,95.2,188642,21.6,188638,24.9,188492,27.2,94491,62.1,B,5,5,5,6,Metro,1,1,1,2
03/23/2021,26099,12,Macomb County,MI,12.6,110324,110324,14.6,110277,15.9,62741,41.2,95.2,185313,21.2,185309,24.5,185180,26.8,93970,61.7,B,5,5,5,6,Metro,1,1,1,2
03/22/2021,26099,12,Macomb County,MI,12.3,107913,107913,14.3,107867,15.6,61537,40.4,95.1,182321,20.9,182317,24.1,182198,26.3,93463,61.4,B,5,5,5,6,Metro,1,1,1,2
03/21/2021,26099,12,Macomb County,MI,11.8,103273,103273,13.6,103232,14.9,58489,38.4,95,176802,20.2,176798,23.4,176690,25.5,92273,60.6,B,5,5,5,6,Metro,1,1,1,2
03/20/2021,26099,11,Macomb County,MI,11.5,100183,100183,13.2,100146,14.5,56580,37.2,94.9,173275,19.8,173271,22.9,173170,25,91609,60.2,B,5,5,5,6,Metro,1,1,1,2
03/19/2021,26099,11,Macomb County,MI,11.5,100115,100115,13.2,100078,14.5,56549,37.1,94.9,173162,19.8,173158,22.9,173057,25,91576,60.1,B,5,5,5,6,Metro,1,1,1,2
03/18/2021,26099,11,Macomb County,MI,10.7,93383,93383,12.3,93348,13.5,51530,33.8,94.7,166041,19,166037,21.9,165945,24,89777,59,B,5,5,5,6,Metro,1,1,1,2
03/17/2021,26099,11,Macomb County,MI,10.7,93335,93335,12.3,93300,13.5,51496,33.8,94.7,165950,19,165946,21.9,165854,24,89744,58.9,B,5,5,5,6,Metro,1,1,1,2
03/16/2021,26099,11,Macomb County,MI,10.5,91395,91395,12.1,91361,13.2,50169,32.9,94.6,161682,18.5,161678,21.4,161596,23.3,88748,58.3,B,5,5,5,6,Metro,1,1,1,2
03/15/2021,26099,11,Macomb County,MI,10,87573,87573,11.6,87539,12.6,47666,31.3,94.5,153439,17.6,153435,20.3,153366,22.2,86407,56.7,B,5,5,5,6,Metro,1,1,1,2
03/14/2021,26099,11,Macomb County,MI,10,87545,87545,11.6,87511,12.6,47655,31.3,94.5,153424,17.6,153420,20.3,153351,22.2,86406,56.7,B,5,5,5,6,Metro,1,1,1,2
03/13/2021,26099,10,Macomb County,MI,9.6,84248,84248,11.1,84215,12.2,45422,29.8,94.3,150027,17.2,150023,19.8,149954,21.7,85430,56.1,B,5,5,5,5,Metro,1,1,1,1
03/12/2021,26099,10,Macomb County,MI,9.6,84195,84195,11.1,84162,12.2,45384,29.8,94.3,149936,17.2,149932,19.8,149863,21.7,85394,56.1,B,5,5,5,5,Metro,1,1,1,1
03/11/2021,26099,10,Macomb County,MI,9.4,82457,82457,10.9,82424,11.9,44409,29.2,94.2,146159,16.7,146155,19.3,146094,21.1,84254,55.3,B,5,5,5,5,Metro,1,1,1,1
03/10/2021,26099,10,Macomb County,MI,9.2,80186,80186,10.6,80154,11.6,42944,28.2,94.1,142829,16.3,142827,18.9,142767,20.6,82980,54.5,B,5,5,5,5,Metro,1,1,1,1
03/09/2021,26099,10,Macomb County,MI,8.9,77804,77804,10.3,77772,11.2,41311,27.1,94,140760,16.1,140758,18.6,140699,20.3,82052,53.9,B,5,5,5,5,Metro,1,1,1,1
03/08/2021,26099,10,Macomb County,MI,8.8,77152,77152,10.2,77121,11.1,41096,27,94,137511,15.7,137509,18.2,137454,19.9,80710,53,B,5,5,5,5,Metro,1,1,1,1
03/07/2021,26099,10,Macomb County,MI,8.8,76693,76693,10.1,76662,11.1,40801,26.8,94,136303,15.6,136301,18.0,136246,19.7,79908,52.5,B,5,5,5,5,Metro,1,1,1,1
03/06/2021,26099,9,Macomb County,MI,8.5,74605,74605,9.9,74576,10.8,39376,25.9,93.9,133284,15.3,133282,17.6,133228,19.2,78362,51.5,B,5,5,5,5,Metro,1,1,1,1
03/05/2021,26099,9,Macomb County,MI,8.4,72993,72993,9.6,72965,10.5,38343,25.2,93.8,127490,14.6,127488,16.8,127437,18.4,74774,49.1,B,5,5,5,5,Metro,1,1,1,1
03/04/2021,26099,9,Macomb County,MI,8.1,70701,70701,9.3,70673,10.2,36673,24.1,93.7,123406,14.1,123404,16.3,123353,17.8,71731,47.1,B,5,5,5,5,Metro,1,1,1,1
03/03/2021,26099,9,Macomb County,MI,7.9,68945,68945,9.1,68917,10,35403,23.3,93.6,120010,13.7,120008,15.9,119958,17.3,69667,45.8,B,5,5,5,5,Metro,1,1,1,1
03/02/2021,26099,9,Macomb County,MI,7.7,67687,67687,8.9,67659,9.8,34580,22.7,93.4,117752,13.5,117750,15.6,117701,17,68244,44.8,B,5,5,5,5,Metro,1,1,1,1
03/01/2021,26099,9,Macomb County,MI,7.6,66389,66389,8.8,66361,9.6,33635,22.1,93.4,115558,13.2,115556,15.3,115508,16.7,66981,44,B,5,5,5,5,Metro,1,1,1,1
02/28/2021,26099,9,Macomb County,MI,7.2,63312,63312,8.4,63286,9.1,31644,20.8,93.3,110660,12.7,110658,14.6,110614,16,63438,41.7,B,5,5,5,5,Metro,1,1,1,1
02/27/2021,26099,8,Macomb County,MI,7.2,63232,63232,8.4,63206,9.1,31575,20.7,93.3,110544,12.6,110542,14.6,110498,16,63355,41.6,B,5,5,5,5,Metro,1,1,1,1
02/26/2021,26099,8,Macomb County,MI,7,61358,61358,8.1,61334,8.9,30284,19.9,93.1,106396,12.2,106394,14.1,106355,15.4,60263,39.6,B,5,5,5,5,Metro,1,1,1,1
02/25/2021,26099,8,Macomb County,MI,6.7,58367,58367,7.7,58343,8.4,28082,18.4,92.8,103308,11.8,103306,13.6,103267,14.9,57959,38.1,B,5,5,5,5,Metro,1,1,1,1
02/24/2021,26099,8,Macomb County,MI,6.3,55412,55412,7.3,55390,8,26027,17.1,92.7,101032,11.6,101030,13.3,100992,14.6,56342,37,B,5,5,5,5,Metro,1,1,1,1
02/23/2021,26099,8,Macomb County,MI,6,52155,52155,6.9,52133,7.5,23642,15.5,92.4,99336,11.4,99334,13.1,99297,14.3,55183,36.2,B,5,5,5,5,Metro,1,1,1,1
02/22/2021,26099,8,Macomb County,MI,5.6,49215,49215,6.5,49195,7.1,21572,14.2,92.2,95940,11,95938,12.7,95901,13.9,52521,34.5,B,5,5,5,5,Metro,1,1,1,1
02/21/2021,26099,8,Macomb County,MI,5.6,48793,48793,6.4,48773,7,21272,14,92.1,95372,10.9,95370,12.6,95333,13.8,52022,34.2,B,5,5,5,5,Metro,1,1,1,1
02/20/2021,26099,7,Macomb County,MI,5,43959,43959,5.8,43941,6.3,18038,11.8,91.5,93222,10.7,93220,12.3,93183,13.5,50621,33.2,B,5,5,5,5,Metro,1,1,1,1
02/19/2021,26099,7,Macomb County,MI,5,43945,43945,5.8,43927,6.3,18027,11.8,91.5,93177,10.7,93175,12.3,93138,13.5,50589,33.2,B,5,5,5,5,Metro,1,1,1,1
02/18/2021,26099,7,Macomb County,MI,4.8,41793,41793,5.5,41775,6,16596,10.9,91.2,91797,10.5,91795,12.1,91758,13.3,49736,32.7,B,5,5,5,5,Metro,1,1,1,1
02/17/2021,26099,7,Macomb County,MI,4.5,39458,39458,5.2,39443,5.7,14820,9.7,90.9,90510,10.4,90508,12.0,90472,13.1,48881,32.1,B,5,5,5,5,Metro,1,1,1,1
02/16/2021,26099,7,Macomb County,MI,4.4,38777,38777,5.1,38766,5.6,14324,9.4,90.6,88785,10.2,88783,11.7,88747,12.8,47733,31.3,B,5,5,5,5,Metro,1,1,1,1
02/15/2021,26099,7,Macomb County,MI,4.3,37506,37506,5,37496,5.4,13438,8.8,90.3,87417,10,87415,11.5,87380,12.6,46829,30.8,B,5,5,5,5,Metro,1,1,1,1
02/14/2021,26099,7,Macomb County,MI,4.3,37501,37501,5,37491,5.4,13434,8.8,90.3,87408,10,87406,11.5,87371,12.6,46820,30.7,B,5,5,5,5,Metro,1,1,1,1
02/13/2021,26099,6,Macomb County,MI,4,34994,34994,4.6,34984,5.1,11613,7.6,89.4,81890,9.4,81888,10.8,81856,11.8,43218,28.4,B,5,5,5,5,Metro,1,1,1,1
02/12/2021,26099,6,Macomb County,MI,4,34942,34942,4.6,34932,5,11569,7.6,89.4,81835,9.4,81833,10.8,81801,11.8,43182,28.4,B,5,5,5,5,Metro,1,1,1,1
02/11/2021,26099,6,Macomb County,MI,3.8,32807,32807,4.3,32797,4.7,10236,6.7,88.8,78078,8.9,78076,10.3,78044,11.3,40617,26.7,B,5,5,5,5,Metro,1,1,1,1
02/10/2021,26099,6,Macomb County,MI,3.3,29162,29162,3.9,29153,4.2,7964,5.2,90.8,74638,8.5,74636,9.9,74604,10.8,38204,25.1,B,5,5,5,5,Metro,1,1,1,1
02/09/2021,26099,6,Macomb County,MI,3.3,29129,29129,3.8,29120,4.2,7940,5.2,90.8,74599,8.5,74597,9.9,74565,10.8,38179,25.1,B,5,5,5,5,Metro,1,1,1,1
02/08/2021,26099,6,Macomb County,MI,3.2,27730,27730,3.7,27721,4,7088,4.7,91.9,71810,8.2,71808,9.5,71778,10.4,36420,23.9,B,5,5,5,5,Metro,1,1,1,1
02/07/2021,26099,6,Macomb County,MI,2.9,25221,25221,3.3,25212,3.6,5944,3.9,93.7,69167,7.9,69165,9.1,69139,10,34745,22.8,B,5,5,5,5,Metro,1,1,1,1
02/06/2021,26099,5,Macomb County,MI,2.9,25184,25184,3.3,25175,3.6,5943,3.9,93.7,69000,7.9,68998,9.1,68972,10,34661,22.8,B,5,5,5,5,Metro,1,1,1,1
02/05/2021,26099,5,Macomb County,MI,2.6,22965,22965,3,22957,3.3,4698,3.1,94.7,67216,7.7,67214,8.9,67188,9.7,33444,22,B,5,5,5,5,Metro,1,1,1,1
02/04/2021,26099,5,Macomb County,MI,2.2,19108,19108,2.5,19100,2.8,2679,1.8,98,61817,7.1,61816,8.2,61791,8.9,29259,19.2,B,5,5,5,5,Metro,1,1,1,1
02/03/2021,26099,5,Macomb County,MI,2,17668,17668,2.3,17661,2.6,2120,1.4,98,59582,6.8,59581,7.9,59557,8.6,27653,18.2,B,5,5,5,5,Metro,1,1,1,1
02/02/2021,26099,5,Macomb County,MI,2,17653,17653,2.3,17646,2.5,2116,1.4,98,59572,6.8,59571,7.9,59547,8.6,27646,18.2,B,5,5,5,5,Metro,1,1,1,1
02/01/2021,26099,5,Macomb County,MI,1.9,16546,16546,2.2,16540,2.4,1777,1.2,98,58103,6.6,58102,7.7,58078,8.4,26620,17.5,B,5,5,5,5,Metro,1,1,1,1
01/31/2021,26099,5,Macomb County,MI,1.8,15454,15454,2,15451,2.2,1599,1.1,98,55409,6.3,55408,7.3,55385,8,24629,16.2,B,5,5,5,5,Metro,1,1,1,1
01/30/2021,26099,4,Macomb County,MI,1.8,15453,15453,2,15450,2.2,1599,1.1,98,55400,6.3,55399,7.3,55376,8,24624,16.2,B,5,5,5,5,Metro,1,1,1,1
01/29/2021,26099,4,Macomb County,MI,1.5,13007,13007,1.7,13007,1.9,1131,0.7,97.9,50187,5.7,50186,6.6,50164,7.2,21073,13.8,B,5,5,5,5,Metro,1,1,1,1
01/28/2021,26099,4,Macomb County,MI,1.3,11582,11582,1.5,11582,1.7,891,0.6,97.8,47645,5.5,47644,6.3,47622,6.9,19409,12.7,B,5,5,5,5,Metro,1,1,1,1
01/27/2021,26099,4,Macomb County,MI,1.3,11552,11552,1.5,11552,1.7,886,0.6,97.9,47605,5.4,47604,6.3,47582,6.9,19382,12.7,B,5,5,5,5,Metro,1,1,1,1
01/26/2021,26099,4,Macomb County,MI,1.2,10613,10613,1.4,10613,1.5,781,0.5,97.9,45614,5.2,45613,6.0,45593,6.6,17925,11.8,B,5,5,5,5,Metro,1,1,1,1
01/25/2021,26099,4,Macomb County,MI,1.1,9579,9579,1.3,9579,1.4,681,0.4,97.9,43930,5,43929,5.8,43911,6.3,16814,11,B,5,5,5,5,Metro,1,1,1,1
01/24/2021,26099,4,Macomb County,MI,1,9075,9075,1.2,9075,1.3,624,0.4,97.9,41693,4.8,41692,5.5,41675,6,15412,10.1,B,5,5,5,5,Metro,1,1,1,1
01/23/2021,26099,3,Macomb County,MI,1,9075,9075,1.2,9075,1.3,624,0.4,97.9,41681,4.8,41680,5.5,41663,6,15401,10.1,B,5,5,5,5,Metro,1,1,1,1
01/22/2021,26099,3,Macomb County,MI,0.9,8090,8090,1.1,8090,1.2,531,0.3,97.9,36758,4.2,36757,4.9,36742,5.3,12048,7.9,B,5,5,5,5,Metro,1,1,1,1
01/21/2021,26099,3,Macomb County,MI,0.9,8070,8070,1.1,8070,1.2,530,0.3,97.9,36101,4.1,36100,4.8,36085,5.2,11982,7.9,B,5,5,5,5,Metro,1,1,1,1
01/20/2021,26099,3,Macomb County,MI,0.7,6057,6057,0.8,6057,0.9,385,0.3,97.8,30943,3.5,30942,4.1,30931,4.5,8635,5.7,B,5,5,5,5,Metro,1,1,1,1
01/19/2021,26099,3,Macomb County,MI,0.6,5429,5429,0.7,5429,0.8,340,0.2,97.9,29941,3.4,29940,4.0,29929,4.3,7988,5.2,B,5,5,5,5,Metro,1,1,1,1
01/18/2021,26099,3,Macomb County,MI,0.6,5427,5427,0.7,5427,0.8,339,0.2,97.9,29931,3.4,29930,4.0,29919,4.3,7979,5.2,B,5,5,5,5,Metro,1,1,1,1
01/17/2021,26099,3,Macomb County,MI,0.6,5254,5254,0.7,5254,0.8,326,0.2,97.9,29131,3.3,29130,3.8,29119,4.2,7579,5,B,5,5,5,5,Metro,1,1,1,1
01/16/2021,26099,2,Macomb County,MI,0.5,4358,4358,0.6,4358,0.6,266,0.2,98.2,24288,2.8,24288,3.2,24280,3.5,5259,3.5,B,5,5,5,5,Metro,1,1,1,1
01/15/2021,26099,2,Macomb County,MI,0.5,4355,4355,0.6,4355,0.6,266,0.2,98.2,24180,2.8,24180,3.2,24172,3.5,5171,3.4,B,5,5,5,5,Metro,1,1,1,1
01/14/2021,26099,2,Macomb County,MI,0.5,4087,4087,0.5,4087,0.6,243,0.2,98.2,22028,2.5,22028,2.9,22020,3.2,4072,2.7,B,5,5,5,5,Metro,1,1,1,1
01/13/2021,26099,2,Macomb County,MI,0.3,2546,2546,0.3,2546,0.4,138,0.1,98.2,18739,2.1,18739,2.5,18732,2.7,2547,1.7,B,5,5,5,5,Metro,1,1,1,1
01/12/2021,26099,2,Macomb County,MI,0.3,2396,2396,0.3,2396,0.3,124,0.1,98.3,16430,1.9,16430,2.2,16423,2.4,1583,1,B,5,5,5,5,Metro,1,1,1,1
01/11/2021,26099,2,Macomb County,MI,0.2,1563,1563,0.2,1563,0.2,62,0,98.2,15365,1.8,15365,2.0,15359,2.2,1259,0.8,B,5,5,5,5,Metro,1,1,1,
01/10/2021,26099,2,Macomb County,MI,0.2,1424,1424,0.2,1424,0.2,54,0,98.2,15143,1.7,15143,2.0,15137,2.2,1222,0.8,B,5,5,5,5,Metro,1,1,1,
01/09/2021,26099,1,Macomb County,MI,0.1,437,437,0.1,437,0.1,10,0,96.9,13167,1.5,13167,1.7,13165,1.9,1033,0.7,B,5,5,5,5,Metro,1,1,1,
01/08/2021,26099,1,Macomb County,MI,0,435,435,0.1,435,0.1,10,0,97.5,13090,1.5,13090,1.7,13088,1.9,1020,0.7,B,5,5,5,5,Metro,,1,1,
01/07/2021,26099,1,Macomb County,MI,0,0,0,0,0,0,0,0,0,0,0,0,0.0,0,0,0,0,B,,,,,Metro,,,,
01/06/2021,26099,1,Macomb County,MI,0,0,0,0,0,0,0,0,0,0,0,0,0.0,0,0,0,0,B,,,,,Metro,,,,
01/05/2021,26099,1,Macomb County,MI,0,0,0,0,0,0,0,0,0,0,0,0,0.0,0,0,0,0,B,,,,,Metro,,,,
01/04/2021,26099,1,Macomb County,MI,0,0,0,0,0,0,0,0,0,0,0,0,0.0,0,0,0,0,B,,,,,Metro,,,,
01/03/2021,26099,1,Macomb County,MI,0,0,0,0,0,0,0,0,0,0,0,0,0.0,0,0,0,0,B,,,,,Metro,,,,
01/02/2021,26099,53,Macomb County,MI,0,0,0,0,0,0,0,0,0,0,0,0,0.0,0,0,0,0,B,,,,,Metro,,,,
01/01/2021,26099,53,Macomb County,MI,0,0,0,0,0,0,0,0,0,0,0,0,0.0,0,0,0,0,B,,,,,Metro,,,,
12/31/2020,26099,53,Macomb County,MI,0,0,0,0,0,0,0,0,0,0,0,0,0.0,0,0,0,0,B,,,,,Metro,,,,
12/30/2020,26099,53,Macomb County,MI,0,0,0,0,0,0,0,0,0,0,0,0,0.0,0,0,0,0,B,,,,,Metro,,,,
12/29/2020,26099,53,Macomb County,MI,0,0,0,0,0,0,0,0,0,0,0,0,0.0,0,0,0,0,B,,,,,Metro,,,,
12/28/2020,26099,53,Macomb County,MI,0,0,0,0,0,0,0,0,0,0,0,0,0.0,0,0,0,0,B,,,,,Metro,,,,
12/27/2020,26099,53,Macomb County,MI,0,0,0,0,0,0,0,0,0,0,0,0,0.0,0,0,0,0,B,,,,,Metro,,,,
12/26/2020,26099,52,Macomb County,MI,0,0,0,0,0,0,0,0,0,0,0,0,0.0,0,0,0,0,B,,,,,Metro,,,,
12/25/2020,26099,52,Macomb County,MI,0,0,0,0,0,0,0,0,0,0,0,0,0.0,0,0,0,0,B,,,,,Metro,,,,
12/24/2020,26099,52,Macomb County,MI,0,0,0,0,0,0,0,0,0,0,0,0,0.0,0,0,0,0,B,,,,,Metro,,,,
12/23/2020,26099,52,Macomb County,MI,0,0,0,0,0,0,0,0,0,0,0,0,0.0,0,0,0,0,B,,,,,Metro,,,,
12/22/2020,26099,52,Macomb County,MI,0,0,0,0,0,0,0,0,0,0,0,0,0.0,0,0,0,0,B,,,,,Metro,,,,
12/21/2020,26099,52,Macomb County,MI,0,0,0,0,0,0,0,0,0,0,0,0,0.0,0,0,0,0,B,,,,,Metro,,,,
12/20/2020,26099,52,Macomb County,MI,0,0,0,0,0,0,0,0,0,0,0,0,0.0,0,0,0,0,B,,,,,Metro,,,,
12/19/2020,26099,51,Macomb County,MI,0,0,0,0,0,0,0,0,0,0,0,0,0.0,0,0,0,0,B,,,,,Metro,,,,
12/18/2020,26099,51,Macomb County,MI,0,0,0,0,0,0,0,0,0,0,0,0,0.0,0,0,0,0,B,,,,,Metro,,,,
12/17/2020,26099,51,Macomb County,MI,0,0,0,0,0,0,0,0,0,0,0,0,0.0,0,0,0,0,B,,,,,Metro,,,,
12/16/2020,26099,51,Macomb County,MI,0,0,0,0,0,0,0,0,0,0,0,0,0.0,0,0,0,0,B,,,,,Metro,,,,
12/15/2020,26099,51,Macomb County,MI,0,0,0,0,0,0,0,0,0,0,0,0,0.0,0,0,0,0,B,,,,,Metro,,,,
12/14/2020,26099,51,Macomb County,MI,0,0,0,0,0,0,0,0,0,0,0,0,0.0,0,0,0,0,B,,,,,Metro,,,,
12/13/2020,26099,51,Macomb County,MI,0,0,0,0,0,0,0,0,0,0,0,0,0.0,0,0,0,0,B,,,,,Metro,,,,
